<?xml version="1.0" encoding="UTF-8"?>
<project-private xmlns="http://www.netbeans.org/ns/project-private/1">
    <editor-bookmarks xmlns="http://www.netbeans.org/ns/editor-bookmarks/2" lastBookmarkId="0"/>
    <open-files xmlns="http://www.netbeans.org/ns/projectui-open-files/2">
        <group>
            <file>file:/C:/Users/NAYEEM/Documents/NetBeansProjects/com.ICT_Fair_managment_System.design/src/com/ict_fair_managment_system/design/Accountant/AccountHome.java</file>
            <file>file:/C:/Users/NAYEEM/Documents/NetBeansProjects/com.ICT_Fair_managment_System.design/src/com/ict_fair_managment_system/design/Home.java</file>
            <file>file:/C:/Users/NAYEEM/Documents/NetBeansProjects/com.ICT_Fair_managment_System.design/src/com/ict_fair_managment_system/design/ManagerHome.java</file>
            <file>file:/C:/Users/NAYEEM/Documents/NetBeansProjects/com.ICT_Fair_managment_System.design/src/com/ict_fair_managment_system/design/AdminHome.java</file>
            <file>file:/C:/Users/NAYEEM/Documents/NetBeansProjects/com.ICT_Fair_managment_System.design/src/com/ict_fair_managment_system/design/LoginAdmin.java</file>
            <file>file:/C:/Users/NAYEEM/Documents/NetBeansProjects/com.ICT_Fair_managment_System.design/src/com/ict_fair_managment_system/design/CustomerHome.java</file>
            <file>file:/C:/Users/NAYEEM/Documents/NetBeansProjects/com.ICT_Fair_managment_System.design/src/com/ict_fair_managment_system/design/EmployeeHome.java</file>
        </group>
    </open-files>
</project-private>
